demand,supply,base_price,is_peak_hour,is_raining,final_price
39,30,162.32,1,1,296.36
19,50,110.63,1,1,192.19
18,23,132.99,0,1,196.16
48,8,192.57,0,1,372.3
89,23,153.31,1,1,317.48
58,41,98.03,1,0,140.98
60,24,125.63,1,0,193.47
86,8,66.06,1,0,149.0
83,41,190.01,0,1,303.56
19,11,103.9,1,0,151.52
68,29,119.46,1,1,230.16
53,26,54.42,0,0,65.1
92,26,198.0,1,0,324.87
82,34,155.21,1,1,300.22
31,48,91.84,1,1,161.94
21,21,189.79,0,0,207.91
90,46,51.83,1,1,98.04
67,30,157.98,1,1,302.71
79,15,173.07,1,1,379.67
83,31,150.5,1,0,234.69
74,23,175.33,1,1,352.12
17,29,194.98,0,0,206.03
21,25,53.45,0,0,57.77
99,32,86.58,0,1,147.19
81,43,119.79,1,0,177.78
56,16,165.28,0,1,285.84
98,27,191.73,1,1,393.05
99,36,129.83,1,1,255.45
18,10,63.22,1,1,117.82
18,43,93.79,1,0,125.76
31,14,51.38,1,0,77.41
59,47,186.78,1,1,340.48
77,22,148.76,0,1,258.07
97,16,172.99,0,1,340.89
40,48,193.33,1,0,267.11
12,11,89.93,0,0,98.92
88,39,137.95,0,1,223.48
19,38,101.06,1,1,176.73
11,41,124.6,0,0,127.86
29,32,66.77,1,0,92.67
82,7,124.1,0,1,300.94
42,43,128.39,0,0,140.65
72,27,54.15,1,0,84.32
66,42,71.79,1,1,133.06
23,14,58.33,1,1,108.1
32,44,152.83,1,0,209.55
53,16,91.17,0,0,119.59
55,38,94.18,1,1,173.39
49,43,131.53,1,1,238.25
37,49,71.41,1,1,126.68
45,26,106.74,0,0,124.53
74,8,88.28,1,0,187.35
28,29,136.62,1,1,245.01
47,20,113.23,0,0,138.57
16,47,58.62,1,0,78.16
66,5,123.62,0,1,309.05
81,44,114.2,1,1,214.7
70,25,57.39,0,0,72.84
34,22,147.75,0,1,228.69
100,11,147.39,1,1,373.39
76,42,151.05,0,1,238.17
85,44,82.28,0,1,130.73
33,39,127.45,1,1,227.18
86,18,87.92,0,0,127.72
36,49,57.97,0,0,62.14
86,29,104.94,1,1,208.48
80,33,155.75,1,1,301.42
52,25,167.51,1,1,318.27
47,45,177.99,1,0,249.57
45,40,170.17,0,0,188.85
16,11,155.37,1,1,284.85
47,27,91.5,1,0,134.31
75,5,86.7,1,0,221.08
95,12,100.67,0,1,214.5
54,31,55.99,0,0,65.44
58,21,58.11,0,1,96.67
93,48,147.01,0,1,233.72
25,43,88.68,0,0,93.72
97,49,184.42,0,0,220.2
44,7,169.53,1,1,381.44
93,45,70.88,0,1,113.56
40,41,121.47,1,1,218.07
86,49,118.55,0,1,186.36
77,42,189.62,1,1,356.31
86,43,105.45,0,0,126.06
41,11,105.87,0,1,184.39
97,14,158.73,0,1,324.87
44,43,173.76,1,1,312.77
13,35,71.16,0,1,102.19
54,37,123.66,0,0,141.23
93,10,167.45,0,0,309.02
40,12,182.64,0,1,311.89
16,49,186.36,0,0,192.32
52,33,97.91,0,0,112.88
21,11,58.73,1,1,110.12
55,34,136.47,1,1,253.44
36,39,96.69,0,1,144.07
69,21,127.56,0,0,167.57
45,39,193.45,1,0,273.25
68,6,144.33,0,0,284.54
73,34,77.24,1,0,116.52
48,10,129.68,0,1,238.14
34,46,185.57,0,1,273.22
51,17,129.75,0,1,218.41
62,29,195.56,1,0,294.64
49,17,96.54,1,0,151.78
91,6,138.01,0,1,372.63
75,40,171.67,1,1,323.24
85,25,163.26,1,1,330.92
52,7,146.71,1,1,344.77
49,19,100.52,1,0,155.3
70,22,150.21,0,1,256.01
93,46,169.14,1,0,253.35
37,33,157.66,0,0,174.82
37,23,100.13,1,1,185.66
69,7,142.53,1,0,308.22
95,33,140.9,1,1,278.9
16,15,140.07,1,1,252.13
46,9,143.67,0,0,209.76
99,41,83.92,1,1,162.45
56,41,86.03,1,0,123.31
46,45,78.23,1,1,140.81
99,41,88.12,0,1,144.14
92,7,124.67,1,0,305.44
88,42,108.3,0,1,173.78
24,10,126.85,0,1,205.27
98,29,97.21,0,0,128.97
35,32,67.01,0,1,100.92
71,17,122.36,1,0,207.33
36,49,84.98,1,1,150.58
57,21,180.88,1,0,282.01
25,20,182.51,0,1,277.24
14,37,83.36,0,1,119.78
32,42,84.55,1,0,116.21
70,34,144.23,1,1,274.04
100,14,120.87,1,0,237.71
51,44,98.35,1,0,139.0
35,47,152.66,0,0,163.79
49,42,139.9,1,1,253.77
20,28,124.41,0,0,132.99
72,32,110.94,0,1,179.52
86,31,99.84,0,1,166.61
69,14,125.32,0,1,233.1
47,7,124.84,0,0,198.18
99,9,172.6,1,1,464.29
69,28,75.78,1,1,146.86
80,23,169.2,1,1,344.04
97,19,53.76,1,0,95.96
12,6,60.07,1,0,88.39
56,36,102.06,1,0,148.12
80,16,55.03,0,1,102.94
78,36,65.85,0,0,79.73
34,29,126.17,0,1,190.94
40,40,160.97,1,1,289.35
94,20,117.22,0,1,216.58
78,33,79.33,1,1,153.06
44,32,160.45,0,0,181.84
34,23,180.46,1,0,260.16
23,43,109.49,1,0,148.06
68,25,114.86,0,1,190.84
74,48,166.0,0,1,257.47
17,27,77.77,1,0,105.82
67,39,78.49,0,1,123.03
79,49,54.47,0,1,84.86
47,21,175.27,1,0,265.3
76,49,118.74,0,1,184.28
74,16,102.32,0,1,187.79
76,49,58.12,0,0,66.95
96,46,159.52,0,0,192.1
11,36,158.8,0,0,163.52
36,11,171.05,1,1,342.1
17,31,135.32,1,1,237.23
62,30,145.97,0,1,233.55
62,13,116.38,0,1,214.47
45,25,61.87,1,1,115.89
65,38,133.28,1,0,195.48
94,48,92.35,0,1,147.01
47,23,180.74,0,0,216.13
99,26,120.04,0,1,212.07
86,13,184.26,1,0,352.73
80,28,175.72,1,1,347.2
56,49,119.15,0,1,180.15
28,40,197.77,0,0,211.28
43,10,81.98,0,0,114.03
38,36,125.62,1,0,176.21
21,32,86.54,0,0,92.05
94,7,117.13,1,1,336.75
68,39,128.84,1,0,189.39
54,28,129.83,0,1,205.94
41,17,107.29,1,0,163.92
69,14,155.95,1,0,274.47
31,27,143.07,1,0,201.83
56,9,186.67,1,1,421.87
74,37,189.21,0,0,226.06
55,39,110.34,1,1,202.75
62,44,69.49,0,1,106.86
37,44,168.87,1,1,300.96
87,23,140.69,0,1,247.97
42,22,120.09,0,0,142.02
74,13,52.6,1,1,117.22
54,50,175.52,1,0,246.76
86,36,185.48,0,1,302.78
24,21,171.98,1,1,311.13
79,23,157.14,1,0,256.01
16,5,71.49,1,1,140.6
14,23,131.42,1,1,231.08
59,31,96.15,1,0,142.72
87,18,52.71,1,0,92.66
46,12,138.44,1,0,228.96
75,40,56.97,1,0,84.48
88,13,97.32,0,1,197.42
35,33,192.64,1,1,347.32
87,13,135.61,0,1,274.13
35,46,50.63,0,1,74.65
48,47,83.78,1,0,117.29
39,17,109.01,1,1,208.94
52,46,148.04,0,1,223.63
83,46,126.7,0,0,149.07
48,33,69.45,0,1,107.03
87,15,99.26,0,0,153.23
34,42,150.16,0,1,222.1
56,39,99.92,1,1,183.85
63,49,53.06,0,0,59.75
43,27,91.64,0,0,105.71
53,38,59.22,1,1,108.72
41,27,102.5,1,0,148.26
22,45,95.62,0,1,138.44
54,25,197.86,1,0,298.31
46,10,76.34,1,0,131.17
84,29,180.26,1,0,284.81
87,19,122.11,1,1,260.7
44,16,57.02,0,1,94.59
94,15,183.39,0,0,291.13
87,30,176.38,0,0,225.88
46,19,160.74,0,0,197.71
10,32,176.78,1,0,235.17
26,40,58.19,0,1,85.16
62,11,196.26,1,0,356.54
28,50,107.93,0,0,113.86
79,10,144.07,0,1,305.17
25,37,117.53,0,1,172.27
37,13,189.42,1,0,296.31
90,49,97.76,1,0,144.68
63,40,53.53,0,0,61.76
15,43,89.21,0,0,92.25
96,48,197.22,1,0,295.03
66,39,146.82,1,0,215.09
67,27,90.36,0,0,111.98
87,17,150.5,1,1,328.59
64,33,124.53,0,1,197.78
30,36,160.05,1,0,221.04
38,6,189.29,0,0,292.05
82,15,103.42,0,1,197.79
61,14,183.87,0,1,332.19
29,12,176.27,1,0,268.47
79,42,105.1,0,0,124.41
32,24,90.71,0,1,138.6
36,24,134.68,0,1,207.95
98,15,195.58,1,0,374.05
97,37,113.7,0,1,188.2
77,28,155.48,0,0,196.76
74,10,72.33,0,0,120.99
36,9,72.25,0,1,127.16
73,48,63.11,0,0,72.51
74,43,156.19,0,1,244.93
35,5,108.13,1,1,246.9
46,28,107.96,1,0,157.47
77,19,83.52,1,1,174.14
39,30,186.91,0,1,285.19
84,8,119.61,0,1,279.09
83,50,146.34,1,0,214.06
91,6,164.7,0,1,444.69
63,44,120.01,1,0,172.81
51,20,71.04,1,0,109.6
44,37,88.58,0,0,98.84
62,31,181.67,1,0,271.37
70,7,73.44,0,1,167.08
62,8,87.72,1,1,209.55
85,17,101.08,1,1,219.57
64,12,176.95,0,1,334.84
57,49,117.66,1,0,166.37
80,15,80.15,0,0,120.23
61,45,68.33,1,0,97.89
28,45,148.8,0,1,217.38
17,12,185.05,1,0,264.76
100,49,199.63,0,0,239.56
14,28,195.84,0,1,283.63
23,39,139.12,1,1,244.5
80,8,123.82,1,1,320.56
68,22,143.18,1,0,228.47
81,26,192.05,0,0,249.67
81,45,97.7,0,0,114.9
98,12,132.4,0,0,232.21
19,22,56.19,0,1,83.31
97,46,97.06,1,1,185.03
28,15,188.65,1,0,278.26
49,46,105.12,1,0,147.62
42,17,177.61,1,0,272.34
77,8,72.68,1,1,185.74
34,8,169.43,1,0,284.27
53,12,98.37,1,0,167.99
10,24,116.98,0,1,168.45
60,9,196.97,0,0,315.15
83,19,142.05,1,0,243.62
19,48,91.17,0,0,94.71
75,50,53.29,1,1,98.43
46,30,59.29,1,0,85.87
35,35,144.77,1,0,202.28
18,24,90.29,0,1,132.91
63,5,108.63,1,0,255.28
80,27,107.35,0,1,180.96
26,34,121.44,1,1,215.47
25,25,182.38,1,1,327.58
59,38,152.7,0,0,175.8
72,28,141.38,0,1,233.03
66,6,93.83,1,0,210.45
37,8,143.51,0,0,202.51
17,50,121.65,0,0,125.71
10,5,100.6,1,0,147.55
54,14,124.6,0,0,169.46
36,23,165.1,1,1,305.44
89,37,70.78,0,0,87.36
70,47,114.07,0,0,130.71
22,50,199.41,1,1,347.6
52,41,96.7,1,1,176.36
40,10,198.72,0,1,350.47
60,21,67.39,0,0,85.77
17,49,101.87,1,0,135.89
46,39,145.77,0,0,162.53
20,22,122.72,0,0,133.39
13,8,198.97,0,1,307.3
87,6,109.14,0,0,244.79
13,26,196.67,1,1,343.81
14,26,175.77,1,1,307.92
96,10,170.89,0,1,388.39
35,39,92.94,0,1,138.25
25,13,180.82,1,0,267.36
78,31,155.62,0,1,255.8
67,15,137.98,1,1,292.35
70,42,198.61,1,0,290.52
46,13,151.28,0,1,261.5
18,5,98.7,0,0,128.31
32,34,82.64,0,0,90.2
46,6,61.99,0,0,102.73
20,47,60.34,1,1,105.09
75,29,97.08,1,0,150.47
44,14,125.37,0,0,162.15
83,43,140.02,1,0,208.44
96,31,195.49,1,0,312.78
73,16,54.0,0,0,77.19
81,45,151.05,1,1,283.38
71,50,73.22,1,1,134.67
58,6,81.99,0,0,149.92
88,13,55.83,0,0,90.92
65,38,197.31,0,1,309.12
29,42,89.9,1,1,158.89
52,44,53.91,1,0,76.31
38,43,167.54,0,0,182.01
48,38,91.77,0,0,103.06
67,38,179.53,1,1,336.04
30,45,178.62,0,1,261.72
71,24,91.96,1,1,182.45
64,43,67.01,0,1,103.56
34,10,100.95,0,1,172.53
28,37,165.68,1,1,293.86
41,40,179.69,1,0,251.57
89,31,150.91,1,1,298.52
28,30,114.73,0,0,125.09
86,32,182.19,0,0,229.67
67,21,142.54,0,0,185.95
63,33,187.79,0,0,222.59
80,18,90.33,1,0,155.46
15,39,198.71,0,0,206.16
21,30,123.09,0,1,180.66
25,29,73.65,1,1,131.34
93,32,123.44,1,0,195.26
74,17,115.66,1,0,197.91
100,41,191.41,0,0,236.98
97,20,129.43,1,0,228.04
31,35,191.75,1,0,265.79
34,12,137.78,0,0,173.81
21,17,146.77,1,1,266.63
64,11,94.7,1,0,173.62
68,47,153.44,0,1,236.55
12,46,196.25,1,0,260.14
61,41,54.63,0,0,62.56
83,14,173.81,1,0,322.13
49,44,99.83,1,1,180.58
95,34,89.4,1,0,140.49
13,21,134.3,1,1,236.25
42,6,54.46,1,0,103.47
63,23,59.06,0,0,74.56
41,41,173.56,1,1,311.99
61,24,54.61,1,0,84.32
24,22,183.02,0,0,202.12
74,21,115.27,1,0,188.62
72,32,193.89,0,0,236.19
67,32,90.9,1,1,172.99
25,9,78.31,1,0,121.38
38,14,100.07,1,0,155.44
26,12,181.39,1,0,272.08
13,24,181.68,0,1,263.8
83,29,126.56,0,1,212.2
18,18,109.41,0,1,163.54
17,14,160.31,0,0,178.48
25,46,190.8,0,0,200.95
38,38,52.0,0,0,57.07
33,20,76.47,0,0,88.49
86,28,67.7,1,1,135.17
88,47,128.94,0,0,152.58
48,40,53.51,0,1,81.18
55,32,189.34,1,0,277.7
74,15,130.56,1,1,282.34
14,36,109.26,1,1,189.88
77,29,61.02,1,0,94.99
49,10,166.16,1,0,290.02
35,16,151.42,0,0,182.59
27,12,56.15,0,1,90.27
59,43,168.64,1,1,309.3
92,13,148.31,0,0,245.77
76,6,195.29,0,1,485.44
75,48,163.9,1,1,303.72
71,19,90.18,1,0,149.25
100,31,137.32,0,1,235.16
57,49,86.8,1,1,157.46
42,47,84.68,1,1,151.37
96,46,172.39,1,0,259.32
47,46,101.11,0,0,111.22
22,39,91.1,1,0,123.44
44,24,168.58,0,1,265.68
61,28,68.07,1,0,102.81
71,25,119.33,0,1,199.65
10,23,87.53,0,0,91.18
59,50,193.89,1,0,274.49
59,32,59.55,1,0,88.06
80,24,181.53,0,0,239.62
21,42,185.82,1,1,324.97
60,42,109.28,1,1,201.02
49,19,101.02,0,1,166.18
34,48,110.69,0,1,162.65
96,38,158.79,1,1,309.03
100,40,159.21,0,1,261.73
35,17,110.82,0,0,132.37
79,7,115.46,1,1,310.3
60,31,77.28,1,0,114.95
54,14,158.57,0,0,215.66
14,18,198.13,1,1,351.42
79,24,198.25,0,1,340.2
79,25,67.22,0,1,114.53
74,15,134.92,0,0,197.32
98,33,117.93,1,0,187.3
51,32,83.14,0,1,129.24
12,35,57.4,1,0,76.53
76,22,170.97,1,0,278.76
20,33,145.56,1,0,197.79
99,8,198.79,0,1,496.97
53,8,109.52,0,0,174.02
41,33,82.85,1,1,150.84
18,22,78.42,0,1,115.93
61,5,72.82,1,0,168.7
45,42,128.59,0,1,193.48
10,12,176.05,0,0,189.59
43,44,56.0,1,1,100.55
90,29,77.87,0,1,132.38
54,22,65.71,0,1,107.42
90,41,62.7,0,0,76.14
41,26,178.48,0,1,276.97
10,26,55.62,0,1,79.93
69,14,82.32,0,0,120.19
77,29,50.76,1,0,79.02
41,49,51.06,1,1,90.99
14,16,75.64,0,0,81.87
76,38,71.1,0,0,84.96
27,13,113.72,0,1,181.14
15,47,77.89,1,0,103.69
72,46,88.66,0,1,137.71
15,27,184.61,1,1,323.73
36,48,128.26,0,1,188.99
61,13,170.89,0,1,313.71
51,5,66.58,1,0,143.15
91,47,90.07,0,1,143.17
66,16,64.37,0,0,89.36
87,43,64.9,1,0,97.2
72,34,162.87,0,1,261.52
49,14,92.51,0,1,159.73
12,45,54.12,0,0,55.53
74,45,108.86,1,1,202.57
41,8,151.2,1,0,265.44
21,28,147.44,1,1,261.32
52,26,136.22,0,1,216.94
14,44,119.85,0,0,123.58
66,48,172.61,1,1,316.69
53,26,111.83,1,1,212.06
63,7,174.8,1,0,364.89
48,24,197.32,1,0,294.4
19,30,137.43,1,1,242.05
37,12,195.4,0,0,251.01
94,29,56.54,0,1,96.87
12,32,188.17,1,1,326.73
13,35,65.65,0,1,94.28
66,36,132.04,0,1,208.41
31,16,148.26,0,1,234.6
90,14,138.13,0,1,276.26
79,21,126.97,1,0,210.65
58,23,152.44,1,1,295.99
68,50,101.4,1,0,145.34
97,48,140.99,1,0,211.2
77,26,69.52,1,1,138.01
59,34,91.61,0,1,143.7
44,44,197.84,0,1,296.32
73,19,115.67,1,1,238.86
49,15,178.14,0,1,303.95
96,6,127.17,1,0,339.73
16,36,146.3,1,1,255.04
98,10,60.38,1,1,156.44
84,41,55.55,1,0,83.32
43,42,155.56,1,1,280.01
82,16,59.32,0,1,111.66
68,41,84.41,0,1,131.84
59,40,115.51,0,1,178.34
43,27,96.75,1,1,179.33
95,18,96.5,1,0,173.7
96,47,106.9,0,1,171.04
28,39,187.06,1,0,256.27
62,25,156.85,1,1,304.05
78,39,68.87,1,0,102.96
35,12,180.37,0,1,301.08
96,37,58.24,1,0,90.43
29,16,142.18,1,0,209.09
22,45,125.85,0,0,131.87
24,29,81.29,1,1,144.7
76,40,121.01,0,0,143.44
58,20,161.33,1,0,254.29
27,16,183.21,0,1,285.59
56,16,59.7,1,0,97.28
70,48,173.57,1,1,319.86
32,45,97.09,0,0,103.84
47,5,100.82,1,0,210.04
17,29,100.2,0,0,105.88
25,10,92.31,1,0,140.98
19,38,84.65,0,0,88.77
52,41,128.38,1,0,182.79
85,23,60.38,1,1,124.03
66,7,79.1,1,1,199.73
63,47,77.7,1,0,111.21
84,30,54.94,1,1,108.28
70,34,173.24,1,0,259.86
48,46,160.84,1,0,225.52
77,21,109.67,1,1,224.82
96,6,110.6,0,0,262.28
10,27,109.27,0,1,156.88
75,14,179.82,1,1,395.6
50,30,92.62,1,0,135.34
40,6,183.0,1,0,342.47
65,39,123.4,1,0,180.47
56,23,78.64,1,0,120.58
45,48,57.25,0,1,85.41
96,49,52.61,0,1,83.76
100,49,145.66,0,0,174.79
39,22,109.28,0,1,171.52
41,26,197.58,1,0,286.86
66,11,70.7,1,0,130.8
69,25,109.73,0,1,182.74
93,34,82.42,1,1,162.01
86,49,136.34,0,1,214.33
72,21,158.86,1,1,322.05
66,29,88.39,0,1,143.19
44,31,74.13,0,1,113.97
23,23,85.12,1,1,152.86
36,28,137.92,0,1,210.21
73,24,170.78,0,0,220.65
33,5,151.65,0,1,295.72
54,35,199.19,1,0,288.83
40,19,64.25,0,0,77.1
37,45,154.73,0,1,229.07
62,29,117.62,0,0,141.93
99,28,100.73,1,0,165.34
66,13,80.64,0,1,150.91
22,7,139.34,0,0,177.66
64,13,187.81,1,1,405.13
72,11,54.29,0,1,108.58
20,45,123.97,1,0,166.55
82,7,112.17,0,0,227.14
55,36,126.69,0,0,145.52
71,9,186.29,0,1,393.07
73,45,90.12,0,0,104.42
30,6,84.48,1,0,146.03
72,15,77.43,0,1,143.25
57,45,52.63,1,0,74.94
83,45,169.24,1,0,250.55
27,10,153.24,1,1,298.12
22,35,118.26,1,0,160.97
42,32,151.73,1,0,216.56
40,33,159.02,1,1,289.04
12,19,180.67,1,0,245.71
40,40,84.38,0,0,92.61
60,11,167.55,0,1,318.35
47,44,141.39,1,0,198.57
34,16,121.78,1,0,182.67
47,33,99.14,0,0,112.84
39,9,73.33,0,1,131.26
24,35,163.25,1,1,288.41
15,32,95.57,1,1,166.81
98,12,185.96,1,0,381.93
46,22,169.77,0,0,203.72
87,31,103.63,0,1,173.26
22,9,67.94,1,0,103.27
13,31,113.48,0,1,163.48
27,12,118.91,0,1,191.17
75,46,117.07,0,1,182.58
33,27,59.73,1,1,108.58
34,50,199.47,0,0,212.77
49,25,84.72,1,1,159.99
23,38,116.97,0,0,123.87
93,9,97.44,0,1,227.04
17,50,185.14,1,1,320.91
49,9,53.31,1,0,95.42
86,31,52.27,1,1,102.91
11,12,142.26,0,1,211.2
28,34,156.94,0,1,232.27
62,22,68.02,1,0,106.76
27,20,77.48,1,1,141.68
50,22,142.53,0,1,230.53
58,31,76.39,1,1,143.71
45,50,133.21,1,1,238.21
100,40,115.61,0,0,143.81
15,47,113.59,0,0,117.14
81,42,107.47,1,1,202.94
40,15,150.23,1,1,292.95
95,29,132.32,0,1,227.15
84,24,152.79,0,1,265.24
24,19,130.77,1,1,238.0
37,18,91.38,1,0,136.59
95,36,85.11,0,1,141.01
19,26,110.17,1,1,195.04
25,50,146.11,0,1,211.72
14,11,147.72,1,0,209.27
98,20,190.54,0,1,355.67
58,50,96.99,1,1,175.91
35,32,80.66,0,1,121.48
51,48,72.58,0,1,109.17
79,15,103.31,1,1,226.64
94,22,137.02,1,1,288.93
87,25,114.27,1,1,232.5
18,38,122.82,1,1,214.46
11,11,71.77,0,0,78.35
98,6,197.71,0,1,553.59
16,34,176.91,1,1,308.83
75,37,134.54,0,1,214.91
49,42,116.63,1,1,211.56
81,24,57.87,0,1,99.77
27,39,182.42,1,1,322.43
58,48,107.49,1,0,152.46
37,8,90.88,1,1,191.86
30,29,196.76,0,1,295.14
38,28,83.25,1,0,119.13
14,16,189.53,0,1,280.95
38,38,185.73,1,1,333.84
37,6,198.65,0,0,303.65
57,23,161.05,1,1,312.03
86,34,86.78,1,1,168.85
94,7,133.68,0,0,290.75
42,43,178.96,0,0,196.04
23,34,97.2,1,0,132.75
19,9,75.74,1,0,112.85
90,30,57.65,1,1,114.74
89,35,79.56,1,1,154.92
32,6,126.05,1,1,271.91
51,19,93.52,1,1,182.83
76,50,172.16,0,0,197.82
97,21,88.75,1,0,154.51
78,24,184.3,0,0,241.8
72,21,89.55,1,0,145.72
85,35,73.03,1,1,141.39
49,49,167.07,0,1,250.27
77,8,170.65,0,0,316.65
46,35,109.85,0,0,123.89
91,30,150.74,1,1,300.51
13,19,76.75,0,0,81.74
88,40,69.17,1,0,104.77
70,27,130.38,0,1,215.13
58,36,71.58,0,1,111.43
80,13,111.9,1,1,254.17
42,15,122.05,0,1,202.91
73,45,57.16,0,0,66.23
54,36,114.22,1,0,165.16
27,31,122.88,0,0,133.25
11,16,94.49,1,0,128.95
84,41,63.65,1,0,95.47
27,48,181.88,1,0,246.47
66,38,127.72,0,0,149.33
11,41,51.35,1,1,88.64
22,26,52.48,0,0,56.76
64,34,50.22,0,0,59.4
66,10,111.17,1,1,255.69
56,32,187.81,1,1,351.15
58,26,138.49,0,1,223.64
46,38,167.36,0,1,254.04
47,30,164.29,1,0,238.49
45,50,130.04,1,1,232.54
51,44,120.69,0,0,134.37
25,13,90.92,1,1,170.8
67,22,147.64,1,1,294.0
20,9,110.78,1,1,210.48
97,43,128.49,0,1,208.21
79,29,88.62,0,0,111.96
37,26,168.89,0,0,192.03
88,31,128.71,0,0,164.11
45,47,71.25,0,0,77.93
13,44,104.58,1,0,138.98
70,11,103.97,0,0,164.62
58,47,157.4,0,0,176.42
49,33,55.94,0,0,64.0
20,42,158.32,0,0,165.68
45,40,54.42,1,1,98.49
13,31,150.47,0,1,216.77
94,15,114.15,0,0,181.21
57,19,113.12,1,1,224.54
83,18,195.58,0,0,281.02
47,43,98.82,0,1,148.9
86,17,58.21,0,1,109.31
45,27,170.91,0,1,266.74
12,14,92.11,1,1,163.96
16,9,69.23,1,1,128.77
48,25,148.94,1,0,221.12
44,14,177.18,0,1,300.02
96,38,86.17,1,1,167.7
57,12,64.77,0,1,119.08
89,14,118.97,1,1,272.84
81,21,147.28,1,0,245.69
25,33,158.79,0,0,170.47
42,10,142.8,0,1,254.44
63,6,71.46,1,0,157.21
50,50,172.68,1,1,310.49
22,20,164.36,1,1,296.63
98,41,141.47,1,0,216.92
59,16,165.85,0,1,289.75
88,22,159.96,1,1,333.13
43,47,198.41,1,1,355.07
49,9,116.71,0,0,173.9
58,33,144.09,0,0,168.67
61,29,77.22,0,1,123.81
56,40,160.03,1,1,293.91
87,50,118.94,1,1,222.49
65,21,65.61,0,0,84.99
30,28,144.42,0,0,159.36
37,33,63.3,0,0,70.19
89,47,97.69,0,0,115.8
25,37,100.53,1,0,137.3
68,17,58.63,1,1,121.82
16,23,101.05,1,0,138.1
90,42,75.75,1,0,114.33
52,11,94.65,0,0,135.67
48,28,143.35,0,0,167.08
15,22,167.91,1,1,296.4
26,41,149.73,0,0,159.0
94,31,70.13,1,0,111.77
94,48,125.7,0,1,200.09
90,34,130.95,1,1,256.29
50,14,125.47,0,1,217.48
18,30,147.23,1,1,258.84
71,32,149.11,1,0,225.92
85,29,176.33,0,1,296.82
97,49,89.85,0,1,143.22
78,49,50.39,0,0,58.25
39,38,98.98,0,1,148.47
91,22,102.4,0,0,142.91
84,11,96.71,0,0,164.41
56,20,67.83,0,1,113.05
82,19,148.31,0,0,209.12
72,30,138.48,0,0,170.64
48,25,82.44,0,0,97.66
65,6,64.98,0,1,151.31
82,33,107.33,0,0,133.22
40,37,169.67,0,0,187.53
73,23,136.48,1,0,218.94
46,45,170.36,0,1,255.54
17,22,151.04,0,0,162.2
92,8,117.81,0,0,238.24
95,49,125.93,0,0,149.86
18,32,183.41,0,1,266.78
77,34,80.1,0,0,97.72
34,10,79.64,0,1,136.11
71,8,97.69,0,0,174.76
52,37,50.75,0,1,77.99
86,14,146.05,0,0,229.79
94,8,144.85,1,0,339.59
51,15,84.48,0,0,111.41
55,38,193.07,0,0,220.3
64,50,126.83,0,1,193.48
59,43,93.54,0,1,143.5
65,19,134.55,1,1,272.46
48,20,172.47,0,0,211.89
14,7,75.35,1,1,141.28
92,50,108.61,0,1,171.65
72,39,187.39,1,0,277.34
26,13,116.49,1,1,219.67
99,19,70.43,1,0,126.42
79,32,53.84,1,0,82.88
31,12,164.81,0,1,270.03
37,20,109.61,0,1,172.77
15,42,114.68,0,1,164.55
90,34,115.4,0,1,191.23
26,38,166.88,1,1,294.82
18,49,108.37,0,0,112.27
66,35,150.93,0,1,238.97
78,9,50.64,1,0,105.33
91,16,165.09,1,0,302.99
79,10,147.91,0,0,254.14
14,20,101.69,1,0,138.98
48,42,136.17,0,1,205.84
18,42,135.37,1,0,181.65
62,45,194.43,1,1,356.74
63,39,124.85,0,0,144.51
10,36,67.72,1,0,89.87
39,26,187.08,1,0,270.23
75,13,112.07,0,1,216.94
96,9,78.85,1,1,209.74
56,43,145.36,1,0,207.47
17,44,155.1,0,1,223.0
42,29,175.77,0,1,270.69
89,19,184.66,1,0,322.23
97,9,83.79,0,1,198.58
97,39,199.01,1,1,386.58
14,19,68.71,0,0,73.52
40,12,132.16,0,0,172.82
84,27,174.19,1,1,348.38
73,42,78.75,0,0,92.12
51,48,102.68,1,1,185.24
58,23,61.01,1,1,118.46
33,35,121.6,0,1,181.39
99,41,161.43,0,0,199.48
58,14,176.2,1,0,297.19
81,41,181.74,1,0,271.31
18,38,169.32,0,1,244.86
23,19,139.97,0,0,156.07
81,30,135.56,0,0,170.98
39,14,194.28,1,1,380.79
71,11,86.09,0,0,137.03
50,41,114.6,0,1,174.08
43,15,149.68,0,0,189.91
12,12,194.41,1,1,348.44
74,14,196.03,0,1,371.15
67,14,142.24,0,0,205.77
58,10,66.34,0,0,101.32
13,42,138.72,0,0,142.91
54,34,96.57,1,0,140.44
99,16,51.21,0,0,81.03
84,46,167.9,0,1,265.07
66,6,68.89,0,1,161.4
27,12,160.0,1,0,241.23
47,19,51.86,1,1,100.35
75,34,75.36,0,1,121.65
44,8,88.53,1,0,158.37
54,36,62.41,1,0,90.24
10,17,58.31,0,1,84.87
35,7,129.36,0,0,185.96
62,46,65.41,1,0,93.66
30,21,158.14,0,1,242.96
81,29,87.49,1,1,172.36
24,38,68.65,1,0,93.47
81,30,193.45,0,0,244.0
56,7,67.84,1,1,162.82
82,25,91.95,0,0,120.95
73,28,143.89,1,0,223.28
59,24,148.97,1,1,288.41
20,30,96.62,1,1,170.49
75,15,147.88,0,1,276.35
94,42,106.08,0,0,129.27
20,18,119.6,0,1,180.03
36,40,197.55,1,0,274.16
74,34,123.7,1,1,236.44
92,23,90.39,0,1,161.2
80,13,137.26,0,0,215.69
77,42,186.72,0,1,294.84
70,9,176.77,0,1,371.22
12,33,71.27,1,1,123.67
38,19,144.32,0,0,171.74
10,16,79.16,1,1,139.23
11,23,59.96,1,1,104.68
84,23,191.77,0,0,258.89
97,31,59.73,0,1,101.73
58,32,76.47,0,0,89.91
77,7,78.52,1,1,209.06
100,42,126.05,0,1,205.78
32,47,95.2,1,1,168.19
26,8,119.75,1,0,190.27
37,25,124.99,0,1,192.77
97,23,182.1,1,1,383.17
71,21,94.17,0,0,124.56
56,48,136.44,1,0,192.97
26,14,62.92,1,0,92.7
12,22,119.55,1,0,161.65
30,7,150.09,0,1,266.41
73,9,187.72,0,0,324.76
75,5,173.68,1,0,442.88
12,47,91.38,0,1,130.22
55,26,74.31,0,0,89.45
65,29,122.78,0,1,198.49
52,26,130.92,1,0,195.41
13,38,161.9,0,1,232.06
42,12,177.24,0,1,305.4
88,46,149.86,0,1,237.86
92,43,157.71,1,1,301.08
18,24,135.69,1,0,186.17
63,20,139.68,0,1,237.46
93,46,63.5,1,0,95.11
65,39,161.77,1,0,236.59
11,44,57.66,1,0,76.37
85,12,52.6,1,1,123.81
84,12,91.69,1,0,178.44
61,36,117.54,0,1,183.93
12,45,125.27,0,0,128.54
54,15,111.16,0,1,193.14
31,49,116.38,0,1,170.15
39,30,98.23,1,0,140.06
54,39,102.21,1,1,187.56
23,32,65.62,1,1,116.13
11,17,188.7,0,0,200.23
21,21,139.8,1,1,251.0
85,37,194.79,1,1,374.71
13,7,146.48,1,1,272.82
11,36,134.83,0,0,138.84
29,19,187.75,0,0,214.97
22,19,152.59,0,1,230.41
45,14,198.98,0,0,258.67
99,34,167.05,1,0,264.42
41,45,166.0,0,1,247.2
38,20,89.87,1,0,133.09
29,18,62.27,0,0,71.77
47,9,182.11,1,0,322.33
99,30,71.5,1,0,115.78
21,19,61.05,0,0,67.46
62,48,80.54,0,0,90.73
12,50,183.43,1,0,242.78
77,10,111.4,0,0,189.38
17,37,188.55,0,0,196.99
11,40,94.4,0,0,96.93
56,30,111.22,0,0,131.31
36,42,113.27,0,0,122.75
89,27,50.84,0,0,67.0
53,25,63.34,0,1,101.59
41,25,80.66,0,0,93.38
89,39,61.27,1,0,93.28
12,23,122.71,0,0,128.85
33,34,194.65,0,0,213.0
15,39,74.94,0,1,107.73
36,42,59.63,1,0,82.51
16,22,83.75,0,0,89.58
92,8,135.44,1,0,314.52
26,49,171.8,1,0,232.27
22,45,185.86,1,1,324.85
38,25,141.99,1,1,262.14
85,28,145.41,0,1,246.19
63,33,50.6,0,1,80.22
41,17,126.84,1,1,244.52
28,6,173.13,1,0,294.32
42,21,93.28,0,1,148.4
18,34,56.49,1,0,76.34
84,49,77.06,1,1,143.95
27,44,109.7,0,1,160.16
54,38,166.95,1,1,306.93
80,17,120.86,0,0,174.58
19,6,187.11,0,1,312.74
29,12,63.1,0,1,102.42
93,47,147.74,1,1,279.78
67,33,154.41,0,1,246.6
41,10,105.72,0,0,145.12
37,45,112.59,0,1,166.68
69,21,155.88,0,1,267.12
54,33,120.86,1,1,224.66
84,8,123.77,1,1,325.93
45,30,96.9,1,0,140.04
73,18,188.39,0,0,260.77
96,30,102.29,0,0,133.97
99,9,98.12,0,1,234.51
45,23,156.68,1,0,233.06
59,20,121.61,1,1,240.9
39,30,182.2,0,1,278.0
13,13,120.43,1,1,215.91
51,22,70.31,0,0,85.9
53,47,98.06,1,1,177.53
22,16,69.16,1,1,126.52
38,14,59.93,0,1,99.08
48,44,191.71,0,1,288.84
81,35,121.11,1,0,184.69
50,42,191.02,0,0,213.23
67,13,132.71,0,1,249.31
52,47,199.39,1,0,280.81
25,31,187.94,0,1,277.8
27,16,188.66,1,0,275.22
71,25,168.18,0,1,281.38
18,16,56.6,1,0,79.57
85,13,105.07,0,1,210.89
29,19,120.71,1,1,222.71
83,37,121.35,1,1,232.8
40,49,96.31,0,0,104.01
83,11,112.43,1,0,223.92
33,41,85.58,0,1,126.54
65,15,80.63,0,1,145.64
12,20,135.55,0,1,197.52
35,46,171.86,1,0,236.22
28,48,194.46,0,0,205.57
76,26,95.77,1,0,151.46
58,26,65.91,0,1,106.43
76,36,179.27,0,0,216.09
97,50,82.48,1,0,122.91
25,19,103.31,1,0,147.22
29,17,199.69,1,0,291.77
66,47,79.79,1,0,114.7
27,17,89.31,1,0,129.5
75,37,199.12,1,0,298.16
25,33,52.1,1,1,92.4
20,30,199.8,1,0,272.63
22,20,94.49,0,0,104.39
65,22,100.39,0,0,128.76
61,24,50.49,0,1,83.01
47,28,67.44,0,1,105.35
44,17,109.73,1,0,169.47
75,33,177.57,0,0,216.74
60,38,164.17,0,0,189.43
18,9,77.15,0,1,121.9
15,5,140.32,1,1,273.62
34,14,64.81,0,0,79.5
31,14,153.63,0,1,246.83
69,38,181.32,0,0,213.4
64,30,82.75,0,1,132.93
41,15,123.65,1,1,241.89
56,14,51.64,0,1,91.57
44,5,140.35,0,0,243.27
12,30,79.59,0,1,114.51
94,32,80.39,0,0,103.29
39,25,169.6,0,0,195.04
72,13,192.6,0,0,291.65
88,6,54.61,0,0,123.26
32,42,183.36,1,0,252.01
70,10,52.74,0,0,86.3
51,10,109.13,1,0,192.47
18,49,160.39,0,1,230.32
89,28,72.42,0,1,123.61
69,46,155.09,1,0,224.39
68,23,165.03,1,1,327.31
54,9,52.96,0,0,81.56
87,21,98.72,1,0,167.38
32,22,58.31,1,0,83.92
17,29,91.14,0,0,96.3
41,32,142.46,1,1,259.88
98,45,191.86,1,0,290.29
46,40,189.88,1,1,344.1
10,11,173.01,1,1,308.53
27,33,155.29,1,0,214.21
83,34,97.54,1,0,149.93
39,6,130.84,0,0,203.74
34,36,60.63,1,0,84.39
44,27,90.16,1,0,131.38
81,44,183.31,0,1,289.63
35,5,188.41,0,1,373.68
31,7,128.01,1,0,216.02
52,49,55.79,0,1,83.91
41,6,64.21,0,1,127.5
78,44,189.89,1,0,279.77
13,25,56.33,1,1,98.58
24,27,172.92,1,1,308.79
34,40,145.41,1,1,259.26
84,41,73.84,0,0,88.61
50,29,75.41,1,1,140.77
11,49,169.13,1,1,291.24
50,19,76.76,0,1,126.65
27,20,70.35,1,1,128.64
17,33,116.15,1,0,156.8
30,45,149.07,1,0,203.51
88,47,127.99,0,0,151.45
43,27,126.6,0,0,146.04
86,41,57.57,1,1,109.66
13,45,130.61,1,0,173.48
37,24,115.95,1,0,167.9
59,48,168.22,0,1,255.76
77,39,101.38,1,0,151.31
73,5,193.7,0,0,429.37
36,39,196.09,0,1,292.17
19,5,185.95,1,0,300.62
63,11,152.28,0,1,293.14
86,47,112.03,0,1,176.91
10,28,173.33,1,0,231.31
82,34,64.06,1,0,98.29
85,34,166.8,0,0,207.31
69,47,172.71,1,0,249.35
71,39,80.4,1,1,150.95
55,30,59.93,0,0,70.56
72,49,185.31,1,0,267.59
58,11,65.82,1,1,143.71
40,35,98.62,1,1,178.61
51,46,66.92,1,0,94.26
24,28,156.56,0,1,232.14
18,14,95.84,0,0,107.34
77,18,107.82,0,1,194.64
66,15,199.04,1,1,420.47
40,35,166.19,0,1,251.13
65,40,90.4,1,1,168.01
73,30,180.86,1,1,350.05
15,17,169.29,0,1,251.11
32,37,158.21,0,0,171.53
50,42,82.11,0,1,124.5
99,38,163.6,1,0,254.21
97,8,98.35,1,0,233.85
43,13,124.03,1,0,199.33
43,29,167.69,1,0,242.03
66,28,56.51,0,1,91.97
46,25,102.47,0,0,120.6
22,42,180.03,1,0,243.25
39,41,79.32,1,0,110.48
23,27,95.6,0,1,141.69
13,39,102.57,0,0,105.9
71,30,161.05,0,0,197.94
81,21,109.44,0,0,149.73
85,40,188.55,0,1,303.06
35,42,117.56,1,0,162.4
59,21,60.43,1,0,94.77
17,11,92.4,0,0,105.49
19,13,147.37,0,0,167.37
34,6,190.66,0,1,359.53
48,22,157.6,1,1,300.81
52,45,136.71,0,0,152.16
77,50,91.64,1,0,132.97
53,10,196.53,0,1,369.83
69,34,121.0,1,1,229.55
100,29,100.77,1,0,164.59
38,40,175.75,0,0,192.04
16,33,170.95,1,1,298.66
96,38,121.49,0,1,199.99
15,7,64.25,0,1,102.0
81,43,104.76,1,0,155.47
62,18,87.89,0,1,151.73
69,43,139.79,0,0,161.71
92,39,184.17,0,1,300.2
53,48,52.28,1,0,73.62
72,16,112.56,1,0,194.0
88,36,182.56,0,0,225.98
68,47,142.35,1,1,262.16
38,46,156.14,1,0,215.61
80,27,74.05,0,0,95.21
18,19,51.56,0,0,56.2
24,29,174.15,1,0,240.33
80,46,173.84,0,1,272.97
29,27,199.78,1,1,360.32
70,15,119.36,1,1,255.13
83,22,124.2,1,0,206.28
98,25,91.56,1,1,190.16
37,6,54.71,1,0,100.04
90,33,195.83,0,0,247.67
23,28,166.55,0,0,179.76
67,6,155.09,1,0,350.06
30,6,147.1,1,1,313.11
69,39,161.98,1,0,238.52
54,40,60.84,1,0,87.11
18,12,166.42,0,1,256.03
95,7,77.25,1,0,192.16
49,41,130.89,0,1,198.52
38,47,193.92,0,1,286.84
23,40,184.19,0,1,268.2
58,46,143.1,1,1,260.93
45,43,173.01,0,0,190.7
35,46,176.96,0,0,190.14
49,41,145.07,1,1,263.54
47,50,140.89,1,1,252.5
50,17,113.97,1,1,225.41
68,10,138.23,1,0,265.15
45,41,187.09,1,1,338.1
56,40,144.62,0,1,222.22
68,43,93.14,1,0,135.48
75,26,92.49,1,1,182.92
47,22,72.13,1,1,137.36
23,44,57.86,1,0,78.18
99,44,58.49,0,0,71.36
72,42,58.75,1,0,86.21
38,40,199.59,0,0,218.09
94,32,141.05,0,1,237.65
55,45,50.92,0,0,57.01
59,15,92.38,0,1,163.4
78,46,188.93,1,0,276.96
46,41,57.31,0,1,86.51
56,42,123.27,1,1,225.61
14,50,119.58,0,0,122.86
86,29,121.23,1,1,240.84
63,31,144.01,1,1,273.17
45,9,165.99,1,1,356.88
59,18,93.16,0,1,159.35
55,28,180.28,0,1,286.58
18,38,51.29,0,1,74.17
14,46,124.53,0,1,178.05
35,10,97.38,0,0,128.36
52,18,101.1,0,0,128.77
66,38,80.97,1,1,151.35
93,38,95.64,0,1,156.7
36,33,176.43,0,0,195.11
70,23,96.87,1,1,192.93
36,6,74.44,1,1,164.83
90,18,182.92,0,0,269.57
71,12,100.02,1,1,224.66
30,9,148.76,1,0,238.02
79,14,104.7,0,1,201.72
53,11,118.31,1,0,206.06
75,21,158.13,1,1,322.73
53,39,163.28,1,0,233.9
87,15,65.85,0,0,101.66
92,33,99.03,0,1,165.44
94,50,93.19,0,1,147.64
38,33,139.55,0,0,155.15
96,18,124.33,0,1,236.88
49,31,120.67,1,1,223.62
39,42,97.02,1,0,134.93
50,13,155.84,1,1,320.59
24,44,191.12,1,1,335.1
33,29,55.78,1,0,78.65
37,27,105.04,0,1,160.94
25,12,87.84,1,0,131.08
30,29,100.84,1,0,141.18
33,38,85.33,0,1,126.68
45,19,89.75,0,0,109.94
38,13,140.79,0,1,235.32
40,47,69.6,1,0,96.28
77,19,149.61,0,0,207.21
54,15,180.56,1,0,295.67
46,27,56.04,1,0,82.06
84,16,128.62,0,1,243.62
35,30,86.71,0,0,96.5
73,21,129.8,1,1,263.73
53,18,81.8,1,0,129.16
94,29,80.38,1,0,129.68
40,6,188.78,1,0,353.29
83,45,88.56,0,0,104.54
26,37,67.72,1,1,119.76
36,35,76.48,1,1,137.66
45,23,83.68,1,1,157.95
25,10,172.73,1,1,332.9
69,38,140.09,1,1,262.94
86,31,127.23,0,1,212.32
64,23,198.3,0,0,251.18
80,44,142.05,1,1,266.74
67,16,194.1,1,1,406.47
71,33,136.68,0,1,219.89
41,24,152.67,0,1,238.78
37,47,50.47,1,1,89.69
23,8,111.53,1,1,218.1
47,35,71.29,0,1,109.11
86,7,93.12,0,0,193.22
19,18,93.23,0,1,139.84
95,22,131.24,0,1,237.94
59,40,190.7,0,1,294.42
61,8,178.84,1,0,353.71
62,6,146.52,1,1,378.86
36,21,57.99,0,1,90.68
63,21,181.27,0,1,305.69
72,10,196.7,1,1,463.14
10,39,165.27,0,1,235.51
84,26,187.21,0,0,245.45
58,22,136.48,0,0,170.9
12,7,116.25,1,0,168.56
10,28,118.26,1,0,157.82
48,20,126.33,0,0,155.21
36,14,109.78,0,0,136.13
98,50,192.95,1,1,365.09
65,43,111.91,0,0,128.44
35,36,85.22,0,0,93.28
18,10,188.68,0,1,295.03
20,48,71.92,0,1,103.62
35,25,55.94,1,1,102.63
96,21,55.39,1,0,96.18
73,15,122.61,0,0,178.55
60,50,51.14,0,0,57.16
97,23,125.8,1,0,214.38
65,9,190.4,1,0,371.28
90,42,181.89,0,0,219.96
45,7,77.07,0,0,120.42
79,35,179.98,1,0,273.47
60,22,87.05,1,0,135.87
86,16,65.54,0,0,98.7
98,42,180.93,1,1,348.82
69,19,89.46,1,0,147.16
80,14,162.27,1,0,297.5
85,34,179.75,1,0,277.33
16,32,95.44,0,0,100.07
17,22,174.16,1,0,239.28
37,15,118.55,0,1,193.38
71,50,105.47,0,0,120.15
10,27,62.01,0,0,64.22
62,11,170.44,0,0,258.5
11,12,198.15,1,1,353.62
94,44,164.0,0,1,263.86
82,17,179.37,0,1,332.83
87,42,88.27,1,1,167.92
57,9,178.74,0,1,352.12
87,31,81.55,1,1,160.81
30,42,71.03,1,0,97.29
47,9,161.63,1,0,286.09
46,30,169.34,1,0,245.27
70,30,96.61,1,1,186.05
82,25,119.22,0,0,156.82
36,29,149.51,0,0,167.45
97,8,64.68,1,0,153.79
20,19,178.41,1,1,321.14
67,32,119.28,0,1,191.21
61,49,131.53,0,0,147.58
31,15,138.94,1,1,263.12
73,46,88.93,0,1,138.31
10,39,73.58,0,1,104.85
88,37,109.86,1,1,212.2
70,42,135.26,0,1,211.38
51,36,58.21,0,1,89.52
97,11,60.74,0,1,134.13
40,41,193.19,1,1,346.82
79,42,151.28,1,0,224.46
21,49,51.92,0,1,74.87
63,48,150.38,0,0,169.71
58,36,173.51,0,1,270.11
79,9,179.11,1,0,374.34
11,39,125.5,1,1,216.8
77,46,136.42,1,0,199.7
95,8,63.96,0,0,131.47
25,45,139.34,0,1,202.65
82,21,195.75,0,0,268.71
74,35,143.88,0,0,173.46
66,6,66.53,0,0,129.26
62,25,163.53,1,0,251.58
74,43,113.65,1,1,212.32
63,21,66.9,1,1,132.89
96,42,150.3,1,1,289.07
53,39,74.9,1,1,137.25
46,17,124.13,0,0,155.85
21,16,108.3,1,0,154.17
68,17,121.04,0,0,166.77
56,14,173.42,1,1,359.56
75,5,99.42,1,0,253.52
42,36,158.17,1,1,286.84
43,32,149.44,0,1,228.69
15,14,197.37,0,0,217.11
65,46,150.19,0,0,170.96
53,19,67.89,1,1,133.4
29,16,74.01,1,1,138.44
71,17,83.73,1,1,175.37
51,31,184.58,1,0,269.37
49,21,158.44,0,1,257.1
21,45,197.55,0,0,206.57
18,25,119.76,0,0,128.05
81,7,168.14,1,1,456.08
98,17,105.71,1,1,237.26
33,38,86.21,0,0,93.5
14,37,184.49,0,0,191.29
41,15,102.32,0,0,128.54
74,36,109.34,1,0,164.01
74,17,79.55,1,0,136.12
18,8,148.16,0,0,177.79
78,17,137.31,1,0,238.0
24,38,87.24,0,0,92.61
10,50,132.96,0,0,135.57
77,14,193.77,1,0,351.37
61,44,198.18,1,0,284.5
65,9,86.09,0,0,142.05
100,42,98.15,1,1,189.68
57,11,79.77,0,0,117.66
81,25,180.18,1,0,290.37
68,13,133.21,0,1,251.2
75,10,177.58,0,0,298.66
45,23,77.97,0,0,92.59
37,44,143.57,1,1,255.87
22,27,143.16,0,0,154.41
91,27,182.6,1,1,369.76
17,41,68.76,0,1,99.05
38,27,97.76,1,1,179.46
71,34,135.13,0,0,162.54
75,50,62.15,1,0,89.93
49,28,163.21,0,1,256.07
10,15,187.97,1,1,331.3
49,49,167.49,1,0,234.15
86,27,56.4,0,0,73.72
42,44,168.95,1,0,235.4
65,18,184.78,1,0,303.43
22,34,93.56,0,0,99.44
48,39,164.26,1,1,298.95
50,41,161.06,1,1,292.98
11,29,114.53,1,0,153.09
46,46,187.35,0,1,280.63
19,22,58.61,1,1,104.48
58,50,133.42,0,0,148.59
24,33,63.72,1,0,87.33
46,49,102.12,1,0,142.15
67,47,198.64,0,0,226.37
43,17,160.36,1,0,246.78
67,7,178.11,0,1,398.52
92,30,135.46,1,1,270.48
54,19,109.87,0,1,183.48
48,44,175.63,1,1,317.3
99,26,104.31,0,0,142.56
98,41,70.23,0,1,114.71
67,17,66.12,0,1,117.18
74,28,143.32,1,1,280.22
51,11,179.67,0,0,256.03
64,37,175.96,1,1,328.77
17,18,125.41,1,0,174.25
50,47,75.36,0,0,83.21
91,50,166.26,1,0,245.8
23,49,153.0,1,0,205.94
84,11,134.5,1,0,269.0
96,41,169.39,1,1,326.68
57,41,83.23,0,1,127.82
60,17,149.42,1,1,303.82
98,35,197.19,1,1,388.9
18,36,118.86,1,1,207.84
76,15,82.21,1,1,178.81
13,44,50.32,1,0,66.87
79,14,175.91,1,0,321.33
27,21,101.62,1,0,144.58
49,45,170.66,0,0,188.84
52,11,54.59,1,0,94.62
29,28,101.62,0,0,111.78
77,21,127.85,0,1,223.74
46,40,74.58,0,1,112.78
11,45,129.53,1,1,223.3
99,7,157.45,1,0,399.53
47,35,55.05,1,1,100.77
68,32,124.7,1,1,237.69
25,39,116.79,1,0,159.13
81,12,140.75,1,0,270.67
29,35,54.23,0,1,80.29
85,47,184.87,0,0,217.61
79,39,61.41,1,1,116.53
83,50,107.39,1,0,157.08
28,13,88.21,0,1,141.14
12,42,63.51,0,1,90.69
65,19,133.23,0,0,176.53
90,31,159.38,0,1,267.96
45,44,121.28,0,1,181.92
33,7,66.23,0,0,93.55
97,27,117.66,0,1,205.48
72,13,110.15,1,0,199.84
28,25,101.94,1,1,184.28
10,13,162.53,1,1,287.91
22,46,129.54,0,0,135.6
48,19,82.77,1,0,127.47
23,44,110.34,0,1,160.12
78,37,191.37,1,0,288.06
99,16,143.4,1,1,327.29
52,16,76.59,1,0,122.99
41,11,188.31,1,1,384.47
37,19,132.59,1,0,196.9
41,22,179.02,0,0,210.93
44,27,83.93,0,1,130.69
57,9,51.72,1,1,117.4
91,41,74.64,0,1,120.67
15,29,186.87,1,1,327.02
90,49,197.44,0,0,232.98
31,11,175.95,1,0,274.19
38,41,91.01,0,1,135.65
79,12,198.9,1,0,379.44
95,12,80.42,1,0,163.31
26,12,124.68,0,1,199.49
19,27,127.15,0,1,186.64
16,7,154.62,1,0,231.93
81,42,63.51,1,0,94.53
76,7,142.38,0,1,334.59
86,49,83.56,1,1,156.42
65,6,177.87,0,0,343.04
43,6,114.65,1,0,219.47
54,8,92.61,0,1,185.22
10,44,174.45,0,0,178.33
36,41,106.19,1,1,189.62
46,18,184.76,0,1,303.4
37,42,88.48,0,1,131.49
50,13,98.47,1,0,163.18
52,39,178.73,1,0,255.58
36,14,136.88,1,1,265.55
56,6,62.91,1,0,132.11
28,25,148.01,0,1,223.15
79,49,68.37,0,1,106.52
82,31,97.26,0,1,161.09
25,35,147.24,1,0,201.64
76,43,59.98,0,1,94.33
35,38,175.17,1,1,313.51
85,33,147.79,1,1,288.19
52,39,111.58,0,0,126.09
12,27,96.13,1,0,129.09
37,28,97.69,1,1,178.54
99,33,128.39,0,0,165.77
92,40,139.71,1,1,268.86
95,13,123.99,1,0,245.32
68,27,66.22,0,0,82.3
85,15,100.73,1,1,224.75
61,36,190.15,0,1,297.56
80,9,184.53,0,0,332.15
40,11,134.42,1,0,219.55
17,25,140.92,0,0,150.13
79,5,85.62,1,1,258.29
77,48,124.12,1,0,180.86
20,41,144.48,0,0,151.36
20,12,113.91,0,1,177.0
56,15,158.11,0,0,213.45
16,32,86.04,1,0,116.02
11,31,191.6,0,1,274.83
48,39,186.22,0,0,208.57
70,43,130.58,1,0,190.53
18,24,159.09,0,1,234.18
19,40,117.18,1,0,157.76
95,50,56.18,0,1,89.12
47,32,117.59,0,1,181.37
53,12,180.67,0,1,326.6
13,31,129.26,1,1,224.99
22,16,58.66,0,0,66.25
60,6,75.77,1,1,193.75
78,12,136.51,0,1,273.02
13,26,126.15,1,1,220.53
47,8,116.99,0,0,178.08
62,6,66.8,1,1,172.73
76,41,93.64,0,1,148.04
86,5,189.08,0,0,460.09
35,16,159.42,0,0,192.24
64,23,89.93,0,1,149.88
53,33,140.7,0,1,218.91
99,28,68.04,1,1,138.9
36,35,136.92,0,0,150.61
41,32,99.82,1,1,182.1
57,34,106.19,0,1,165.96
92,34,171.28,0,1,284.81
76,13,121.53,1,0,223.96
33,11,148.65,0,0,189.53
42,34,123.68,0,0,138.52
17,30,71.73,0,1,104.36
100,17,176.87,0,1,345.88
58,36,67.74,1,1,125.78
45,12,187.58,0,0,252.51
98,20,191.24,1,0,337.86
16,42,64.27,0,1,92.37
45,22,90.68,1,1,171.9
18,32,153.6,0,1,223.42
34,38,129.92,1,1,232.19
68,25,89.19,1,1,174.95
22,7,149.59,1,1,295.44
22,25,83.8,0,1,124.41
65,41,135.01,1,0,196.41
47,42,103.79,1,0,146.27
100,24,85.4,0,1,153.72
83,25,126.81,0,1,218.02
45,48,105.7,0,1,157.69
52,9,181.21,1,1,402.29
93,27,70.44,0,1,122.01
68,12,85.78,1,0,156.38
29,35,51.86,1,1,92.34
85,43,168.94,0,0,201.58
55,37,182.72,0,0,209.17
14,29,178.49,1,1,311.76
90,42,99.2,1,1,189.4
22,50,138.0,1,1,240.55
42,20,192.07,0,0,230.48
14,48,80.38,1,0,106.79
57,49,194.31,1,1,352.48
90,30,194.31,0,0,250.72
88,49,109.15,0,0,128.36
38,32,55.67,1,1,101.05
23,8,73.3,0,0,92.03
73,5,75.3,0,0,166.91
62,40,95.96,1,0,139.26
18,35,107.66,1,0,145.34
31,10,114.67,0,1,192.85
20,38,128.37,1,1,224.81
72,21,62.08,1,1,125.85
26,13,131.4,1,1,247.78
37,19,156.96,1,0,233.09
49,17,61.49,0,1,102.82
46,24,117.16,0,0,138.72
69,45,137.65,0,1,213.36
78,23,190.25,0,0,252.08
45,38,127.33,0,0,142.02
17,19,50.69,0,1,75.27
54,47,135.44,0,0,150.68
59,29,59.37,0,0,71.05
76,10,160.47,1,1,383.67
12,18,111.15,1,0,151.52
99,20,190.89,1,1,414.5
35,21,145.06,0,1,226.16
65,9,143.78,0,0,237.24
18,47,142.96,0,1,205.51
56,37,193.21,1,0,279.65
82,39,156.72,0,0,188.85
93,29,72.28,1,0,116.37
77,27,58.42,0,1,97.85
25,37,119.24,1,0,162.86
16,38,111.51,1,1,194.14
88,21,98.04,0,0,137.26
83,34,84.67,0,1,138.62
75,21,147.55,0,1,256.87
96,18,149.86,0,1,285.52
87,26,84.71,0,0,112.01
58,32,157.99,1,1,296.35
11,25,83.76,1,1,145.94
33,49,51.21,0,1,75.07
76,42,167.63,1,1,314.6
91,7,166.17,1,1,471.51
99,28,141.3,1,0,231.93
24,10,70.89,0,0,86.36
98,31,85.09,0,1,145.18
13,16,97.23,0,0,104.67
39,8,80.07,1,1,170.82
32,40,138.33,1,1,245.96
46,6,180.87,1,0,353.99
98,27,198.0,1,0,326.7
33,49,161.21,0,1,236.33
23,36,164.44,0,0,174.66
17,5,153.2,0,0,196.61
74,30,90.33,0,0,111.89
37,24,115.34,0,1,178.55
41,6,177.22,1,0,334.19
35,9,146.03,1,1,299.36
16,28,178.52,1,0,241.93
90,9,163.43,1,1,424.92
85,33,115.09,1,0,178.39
49,13,79.24,1,1,162.44
13,6,82.74,1,1,156.02
46,6,114.8,0,0,190.24
81,8,121.09,1,1,314.83
96,22,168.58,1,1,356.95
54,33,132.32,0,0,153.34
90,24,114.39,1,1,235.64
60,5,68.72,0,0,137.44
17,15,97.38,1,1,175.89
69,5,110.77,0,0,238.16
24,15,154.69,1,0,224.3
55,19,176.46,0,1,295.57
46,48,71.76,1,1,128.73
84,27,132.45,1,0,211.92
88,41,99.52,1,0,150.23
88,6,65.51,0,1,174.07
41,7,106.61,0,0,161.25
92,21,86.01,0,1,156.38
72,12,92.5,0,0,143.73
75,25,165.0,1,1,328.1
18,24,197.58,1,1,350.11
100,44,168.72,1,0,256.83
24,46,94.56,1,0,127.76
99,27,109.06,0,1,191.24
78,37,150.28,1,1,286.32
84,5,165.27,1,1,512.34
30,39,78.4,0,0,84.28
39,36,90.72,1,1,163.79
69,13,82.23,0,0,122.76
84,14,104.23,0,1,204.29
90,33,114.52,1,1,225.0
88,46,163.06,0,0,193.59
16,8,72.02,0,0,84.82
75,41,138.74,1,0,205.14
95,46,74.56,1,0,112.0
12,8,98.33,0,1,150.77
90,13,81.87,1,0,159.06
69,16,166.0,0,1,299.78
77,16,69.23,0,0,100.59
42,13,192.75,1,1,385.5
28,23,106.57,0,0,119.0
34,45,172.08,1,1,305.25
91,6,134.24,0,0,308.75
18,20,193.54,1,0,268.19
96,35,72.47,0,0,91.8
40,37,138.61,1,0,194.78
53,44,169.32,0,1,256.99
73,9,126.9,1,0,257.61
11,45,182.57,1,0,241.71
98,46,128.13,0,1,206.1
55,25,66.37,0,0,80.41
45,47,148.52,0,1,221.85
98,9,182.11,0,1,433.42
21,40,128.14,1,1,224.4
44,11,51.77,0,1,91.46
78,34,178.81,0,0,218.66
75,36,54.17,0,1,86.82
80,43,191.31,0,1,302.62
74,28,94.9,0,1,157.08
26,26,165.63,0,0,181.58
69,48,181.45,0,0,207.0
39,27,150.83,1,0,217.09
24,34,161.74,0,0,172.83
80,48,88.6,1,0,129.65
100,50,113.68,1,1,215.55
38,27,84.95,1,1,155.94
46,27,132.69,1,1,247.37
49,8,93.8,1,0,173.01
34,30,101.47,1,1,183.63
90,25,144.17,0,0,194.07
11,15,51.95,0,0,55.52
63,14,53.66,0,0,76.2
23,18,70.51,1,0,100.2
26,34,144.17,1,1,255.8
56,33,119.58,0,0,139.28
17,21,82.42,0,1,121.76
99,13,94.84,1,1,228.29
44,15,197.68,0,0,252.04
45,12,163.75,1,1,335.06
43,13,128.04,0,0,167.37
29,19,90.99,0,1,140.58
38,39,151.43,1,1,271.82
23,11,92.74,0,0,110.52
22,27,190.18,1,1,338.25
76,41,162.6,1,0,240.8
96,34,143.82,1,0,226.41
80,31,124.82,0,1,205.95
36,45,98.01,1,0,135.08
41,50,88.81,1,1,158.12
50,22,54.95,1,0,83.38
73,9,158.88,1,1,386.08
14,50,85.32,1,0,113.26
35,9,91.16,1,1,186.88
70,40,183.05,0,1,287.52
78,38,132.2,1,0,198.3
78,26,177.92,1,0,282.7
43,21,116.03,0,1,185.12
60,40,198.0,0,1,306.18
15,12,178.24,0,0,198.81
46,18,194.02,1,1,376.81
54,49,100.22,1,0,141.11
48,49,94.93,1,0,132.52
55,30,181.7,0,1,286.62
65,50,185.87,0,1,283.91
90,39,158.86,0,1,258.15
45,32,74.3,0,0,84.43
19,14,176.75,1,0,252.16
53,16,122.04,0,0,160.09
33,48,80.36,0,1,117.92
45,12,95.98,0,0,129.2
93,34,122.44,1,1,240.68
47,31,110.17,0,1,170.42
73,40,66.2,1,0,97.85
81,12,177.3,1,0,340.96
83,47,172.42,1,1,322.93
48,49,107.18,1,1,192.5
56,48,170.45,0,0,189.93
58,35,157.84,0,1,246.41
53,45,162.43,1,1,294.85
43,24,90.23,0,1,141.84
62,25,109.35,1,0,168.23
46,43,76.83,0,0,84.86
63,42,106.39,0,0,121.98
39,19,191.81,1,0,286.76
19,29,70.32,1,1,124.0
84,23,85.74,0,1,150.04
79,22,93.25,1,1,190.55
49,41,151.5,0,1,229.77
88,30,174.76,1,1,346.7
86,36,121.83,0,0,150.15
16,41,112.2,0,1,161.35
83,32,175.92,0,1,290.53
68,25,113.63,1,1,222.89
91,26,182.97,1,1,372.72
78,50,152.82,1,1,283.17
77,22,181.49,1,1,369.29
77,41,64.25,1,0,95.3
29,26,128.92,0,1,194.33
19,6,55.54,1,0,87.28
82,9,119.76,0,0,217.96
12,15,182.86,1,1,324.58
83,50,138.77,0,1,216.86
79,39,83.48,0,1,133.36
38,16,72.9,1,0,111.07
93,40,52.79,0,1,85.88
24,19,149.99,1,0,212.99
69,38,88.53,1,1,166.16
55,44,130.61,0,1,198.82
18,32,103.42,1,1,181.46
53,36,111.03,0,1,171.35
10,46,136.87,1,1,235.59
84,15,168.21,1,0,306.98
84,27,198.4,1,0,317.44
58,18,100.99,0,0,131.82
95,36,138.75,0,1,229.88
55,18,94.12,1,1,187.25
41,48,168.59,1,0,233.27
57,28,170.63,0,1,272.42
76,13,129.78,1,0,239.17
34,25,195.9,0,1,299.88
14,45,61.42,1,1,106.28
41,49,169.19,0,1,250.74
53,21,191.08,1,0,294.44
65,10,103.74,1,1,237.66
100,29,66.74,1,0,109.01
45,26,154.24,0,1,241.64
66,40,165.82,1,1,308.59
17,22,109.96,1,0,151.08
70,40,185.55,0,1,291.45
88,34,139.14,1,1,271.52
45,32,130.05,0,1,199.8
54,42,183.57,1,0,261.69
93,22,159.14,0,1,287.14
84,42,151.76,1,1,287.64
98,39,189.8,1,0,293.24
38,6,91.5,0,0,141.17
99,32,196.9,1,1,393.8
20,44,142.97,1,1,249.4
22,46,174.35,1,0,234.82
16,29,131.18,0,0,138.18
22,41,78.06,0,1,113.37
71,35,177.57,0,1,283.62
22,19,116.58,1,1,211.01
70,37,87.85,0,0,104.03
94,24,167.8,1,0,281.23
43,13,110.21,0,0,144.06
17,12,102.97,0,1,157.62
22,21,74.38,1,0,104.13
98,50,123.39,0,1,196.46
35,5,113.56,1,0,213.87
52,49,189.52,1,1,341.89
19,5,182.27,0,1,312.9
95,48,75.32,0,1,120.05
36,28,191.73,1,1,349.74
91,10,79.05,0,1,176.07
66,5,167.24,1,0,401.38
67,28,194.36,0,0,239.26
76,42,179.81,1,0,265.53
22,9,88.36,1,0,134.31
33,50,106.51,1,1,187.96
35,5,52.91,1,1,120.81
28,14,51.95,0,1,82.43
40,29,109.77,1,0,157.34
79,45,197.1,1,1,368.92
99,15,70.95,0,1,143.23
53,13,82.62,1,1,171.73
54,7,73.76,1,1,175.18
69,30,137.77,1,0,209.77
37,49,193.59,1,1,343.43
19,29,81.79,1,1,144.22
30,34,89.81,1,0,124.45
95,7,158.41,1,0,394.04
65,42,129.7,0,0,149.31
38,25,194.16,0,0,222.54
73,7,91.36,0,0,174.73
49,6,103.58,1,0,207.16
86,13,55.22,1,0,105.71
17,38,129.65,1,0,174.2
30,6,136.84,1,0,236.54
92,14,67.0,0,0,108.09
19,31,189.72,1,1,333.79
73,29,178.08,1,0,274.84
23,5,108.76,0,1,193.96
53,36,180.32,1,1,332.37
91,40,83.89,1,0,127.68
41,22,189.78,1,0,280.54
24,25,76.52,0,0,83.58
66,37,87.58,0,1,137.82
50,42,68.7,0,0,76.69
84,23,171.25,1,0,282.56
53,42,110.56,0,1,168.41
48,35,152.56,0,0,172.9
77,36,80.65,0,0,97.43
97,24,87.77,0,0,121.82
46,21,125.36,0,1,201.72
55,48,112.47,1,1,203.82
27,11,69.17,1,1,133.15
43,29,119.33,1,1,219.96
17,27,52.98,0,0,56.2
31,26,135.3,1,1,245.54
71,23,187.72,1,0,299.57
53,35,184.19,0,1,284.98
18,7,142.7,0,0,174.81
100,17,117.21,0,0,182.33
70,12,80.72,0,1,156.47
34,8,186.38,1,0,312.7
37,35,190.57,1,1,343.56
20,12,138.07,0,1,214.54
69,25,177.55,0,0,224.67
25,8,90.37,0,0,115.47
52,34,64.88,1,1,119.94
40,17,170.68,1,0,259.81
41,28,159.16,0,0,181.66
52,28,81.51,0,0,96.13
58,37,61.42,1,0,89.22
29,22,95.35,0,0,107.37
73,8,112.43,1,1,282.32
96,19,123.03,1,0,218.99
80,13,124.93,1,0,233.8
69,43,93.46,0,0,108.12
31,10,71.22,0,0,91.29
64,11,199.71,0,0,306.22
46,17,168.74,1,0,262.48
15,49,199.61,1,1,345.33
22,38,182.29,0,1,265.49
25,34,189.3,1,1,335.33
92,7,82.4,1,1,234.84
38,40,92.19,1,0,128.39
48,32,63.95,1,0,92.44
43,26,185.6,0,0,215.16
22,25,198.98,0,1,295.41
87,49,88.27,1,0,130.11
18,15,190.44,0,1,288.04
93,42,95.75,0,0,116.46
48,38,155.5,0,1,236.84
90,29,150.96,0,0,196.25
85,35,165.5,1,0,254.23
44,26,100.02,0,1,156.33
69,6,114.73,1,1,308.13
63,41,63.3,1,1,117.11
78,25,189.82,0,1,322.69
97,9,111.77,0,1,264.89
13,25,63.49,1,1,111.11
35,12,109.82,1,0,172.33
59,24,126.09,1,0,193.67
98,18,131.24,0,0,198.93
93,17,64.98,1,0,118.05
88,41,51.79,0,0,62.64
15,15,185.44,0,1,277.0
74,44,135.6,0,0,157.9
75,19,92.36,0,0,127.0
89,10,195.57,1,1,490.7
37,40,136.67,0,0,149.0
72,33,110.66,0,1,178.36
73,33,143.19,1,0,216.89
97,18,88.51,1,1,195.65
20,48,145.24,1,0,194.74
27,22,121.9,1,0,172.78
58,32,134.43,0,1,211.83
71,50,91.52,1,1,168.33
31,10,50.51,1,0,79.9
37,14,142.06,0,0,177.1
75,31,196.16,0,1,320.6
55,46,131.88,0,1,200.06
29,10,185.12,1,1,363.51
36,45,135.26,0,1,199.95
82,12,50.09,0,1,101.72
67,9,174.18,1,1,412.81
17,25,70.21,0,0,74.8
31,36,119.31,1,0,165.1
71,36,195.89,1,0,292.25
14,16,86.59,1,0,119.7
43,38,84.49,1,0,119.15
89,21,128.7,0,1,232.25
84,41,130.82,1,1,248.56
42,14,169.82,0,1,285.3
54,36,132.45,1,0,191.52
31,20,171.54,0,1,265.48
12,5,100.03,1,0,150.05
18,24,104.07,0,0,111.56
41,35,181.94,0,1,275.44
48,49,160.17,1,1,287.67
20,14,192.62,1,0,276.09
30,20,193.56,0,1,298.64
82,36,145.76,1,1,280.1
35,30,131.21,0,0,146.02
96,9,157.18,0,1,370.94
62,8,142.33,0,1,297.31
25,38,117.21,0,0,124.72
86,14,141.95,1,0,265.92
42,7,185.57,0,0,282.99
55,12,121.46,1,1,257.87
45,16,136.19,0,1,226.72
92,31,138.21,0,0,177.95
76,26,185.68,0,1,312.22
61,33,72.57,1,0,107.36
72,49,98.16,1,1,181.01
17,36,106.25,0,1,153.63
32,23,104.58,0,1,160.36
29,21,117.06,0,0,132.49
81,6,100.37,0,0,216.51
42,23,52.15,0,1,82.14
19,8,132.03,1,0,199.51
75,40,69.45,1,1,130.77
46,15,120.63,0,1,203.56
76,16,86.36,1,0,150.88
11,17,79.12,1,1,139.34
77,46,55.73,1,0,81.58
34,15,60.83,0,0,73.76
22,42,56.61,1,0,76.49
23,27,127.7,1,1,227.58
89,16,125.5,1,1,279.05
13,10,78.69,1,0,111.6
43,46,126.94,1,1,227.41
10,13,111.66,0,0,119.64
42,13,76.98,0,0,100.07
79,21,192.37,1,1,396.11
98,18,175.64,1,1,389.18
77,38,177.47,0,0,212.51
84,44,114.22,1,0,169.81
37,27,109.26,0,1,167.4
59,29,119.53,1,1,226.71
81,30,149.07,1,0,232.74
12,18,144.3,0,1,211.13
50,45,71.71,0,1,108.19
91,49,172.4,1,1,324.46
39,30,66.91,0,0,75.33
95,28,121.62,1,1,246.6
99,10,123.51,1,1,321.13
11,34,138.81,1,0,184.82
46,22,197.59,0,0,237.11
28,30,113.23,1,1,202.72
17,15,185.45,0,1,279.33
60,42,188.66,0,1,290.45
89,22,53.44,0,1,95.49
55,23,153.25,1,0,234.34
81,37,72.69,1,1,139.07
19,31,109.24,1,1,192.19
17,50,167.23,1,1,289.87
91,43,112.55,1,0,169.59
96,18,79.28,0,0,119.34
53,24,168.31,0,1,271.32
97,11,160.65,1,0,338.7
33,22,81.16,1,0,117.15
37,18,96.28,0,0,115.03
33,47,91.2,0,1,133.95
